source,family,implementation,workload,operations_kind,operations,threads,successful_repetitions,expected_repetitions,failed_repetitions,observed_repetitions,complete
libVentra_deque_concurrent_deque_benchmark.json,arena,mmap,AllocateReleaseUnpublished,operations,512.0,1,30,30,0,30,True
libVentra_deque_concurrent_deque_benchmark.json,arena,mmap,AllocateReleaseUnpublished,operations,1024.0,1,30,30,0,30,True
libVentra_deque_concurrent_deque_benchmark.json,arena,mmap,AllocateReleaseUnpublished,operations,2048.0,1,30,30,0,30,True
libVentra_deque_concurrent_deque_benchmark.json,arena,mmap,AllocateReleaseUnpublished,operations,4096.0,1,30,30,0,30,True
libVentra_deque_concurrent_deque_benchmark.json,arena,mmap,AllocateReleaseUnpublished,operations,8192.0,1,30,30,0,30,True
libVentra_deque_concurrent_deque_benchmark.json,arena,mmap,AllocateReleaseUnpublished,operations,16384.0,1,30,30,0,30,True
libVentra_deque_concurrent_deque_benchmark.json,arena,mmap,AllocateReleaseUnpublished,operations,32768.0,1,30,30,0,30,True
libVentra_deque_concurrent_deque_benchmark.json,arena,mmap,AllocateReleaseUnpublished,operations,49152.0,1,30,30,0,30,True
libVentra_deque_concurrent_deque_benchmark.json,arena,mmap,AllocateReleaseUnpublished,operations,61440.0,1,30,30,0,30,True
libVentra_deque_concurrent_deque_benchmark.json,arena,mmap,AllocateRetireReclaim,operations,512.0,1,30,30,0,30,True
libVentra_deque_concurrent_deque_benchmark.json,arena,mmap,AllocateRetireReclaim,operations,1024.0,1,30,30,0,30,True
libVentra_deque_concurrent_deque_benchmark.json,arena,mmap,AllocateRetireReclaim,operations,2048.0,1,30,30,0,30,True
libVentra_deque_concurrent_deque_benchmark.json,arena,mmap,AllocateRetireReclaim,operations,4096.0,1,30,30,0,30,True
libVentra_deque_concurrent_deque_benchmark.json,arena,mmap,AllocateRetireReclaim,operations,8192.0,1,30,30,0,30,True
libVentra_deque_concurrent_deque_benchmark.json,arena,mmap,AllocateRetireReclaim,operations,16384.0,1,30,30,0,30,True
libVentra_deque_concurrent_deque_benchmark.json,arena,mmap,AllocateRetireReclaim,operations,32768.0,1,30,30,0,30,True
libVentra_deque_concurrent_deque_benchmark.json,arena,mmap,AllocateRetireReclaim,operations,49152.0,1,30,30,0,30,True
libVentra_deque_concurrent_deque_benchmark.json,arena,mmap,AllocateRetireReclaim,operations,61440.0,1,30,30,0,30,True
libVentra_deque_concurrent_deque_benchmark.json,arena,mmap,ConstructDestroy,,,1,30,30,0,30,True
libVentra_deque_concurrent_deque_benchmark.json,arena,new/delete,AllocateReleaseUnpublished,operations,512.0,1,30,30,0,30,True
libVentra_deque_concurrent_deque_benchmark.json,arena,new/delete,AllocateReleaseUnpublished,operations,1024.0,1,30,30,0,30,True
libVentra_deque_concurrent_deque_benchmark.json,arena,new/delete,AllocateReleaseUnpublished,operations,2048.0,1,30,30,0,30,True
libVentra_deque_concurrent_deque_benchmark.json,arena,new/delete,AllocateReleaseUnpublished,operations,4096.0,1,30,30,0,30,True
libVentra_deque_concurrent_deque_benchmark.json,arena,new/delete,AllocateReleaseUnpublished,operations,8192.0,1,30,30,0,30,True
libVentra_deque_concurrent_deque_benchmark.json,arena,new/delete,AllocateReleaseUnpublished,operations,16384.0,1,30,30,0,30,True
libVentra_deque_concurrent_deque_benchmark.json,arena,new/delete,AllocateReleaseUnpublished,operations,32768.0,1,30,30,0,30,True
libVentra_deque_concurrent_deque_benchmark.json,arena,new/delete,AllocateReleaseUnpublished,operations,49152.0,1,30,30,0,30,True
libVentra_deque_concurrent_deque_benchmark.json,arena,new/delete,AllocateReleaseUnpublished,operations,61440.0,1,30,30,0,30,True
libVentra_deque_concurrent_deque_benchmark.json,arena,new/delete,AllocateRetireReclaim,operations,512.0,1,30,30,0,30,True
libVentra_deque_concurrent_deque_benchmark.json,arena,new/delete,AllocateRetireReclaim,operations,1024.0,1,30,30,0,30,True
libVentra_deque_concurrent_deque_benchmark.json,arena,new/delete,AllocateRetireReclaim,operations,2048.0,1,30,30,0,30,True
libVentra_deque_concurrent_deque_benchmark.json,arena,new/delete,AllocateRetireReclaim,operations,4096.0,1,30,30,0,30,True
libVentra_deque_concurrent_deque_benchmark.json,arena,new/delete,AllocateRetireReclaim,operations,8192.0,1,30,30,0,30,True
libVentra_deque_concurrent_deque_benchmark.json,arena,new/delete,AllocateRetireReclaim,operations,16384.0,1,30,30,0,30,True
libVentra_deque_concurrent_deque_benchmark.json,arena,new/delete,AllocateRetireReclaim,operations,32768.0,1,30,30,0,30,True
libVentra_deque_concurrent_deque_benchmark.json,arena,new/delete,AllocateRetireReclaim,operations,49152.0,1,30,30,0,30,True
libVentra_deque_concurrent_deque_benchmark.json,arena,new/delete,AllocateRetireReclaim,operations,61440.0,1,30,30,0,30,True
libVentra_deque_concurrent_deque_benchmark.json,arena,new/delete,ConstructDestroy,,,1,30,30,0,30,True
libVentra_deque_concurrent_deque_benchmark.json,arena,std::allocator,AllocateReleaseUnpublished,operations,512.0,1,30,30,0,30,True
libVentra_deque_concurrent_deque_benchmark.json,arena,std::allocator,AllocateReleaseUnpublished,operations,1024.0,1,30,30,0,30,True
libVentra_deque_concurrent_deque_benchmark.json,arena,std::allocator,AllocateReleaseUnpublished,operations,2048.0,1,30,30,0,30,True
libVentra_deque_concurrent_deque_benchmark.json,arena,std::allocator,AllocateReleaseUnpublished,operations,4096.0,1,30,30,0,30,True
libVentra_deque_concurrent_deque_benchmark.json,arena,std::allocator,AllocateReleaseUnpublished,operations,8192.0,1,30,30,0,30,True
libVentra_deque_concurrent_deque_benchmark.json,arena,std::allocator,AllocateReleaseUnpublished,operations,16384.0,1,30,30,0,30,True
libVentra_deque_concurrent_deque_benchmark.json,arena,std::allocator,AllocateReleaseUnpublished,operations,32768.0,1,30,30,0,30,True
libVentra_deque_concurrent_deque_benchmark.json,arena,std::allocator,AllocateReleaseUnpublished,operations,49152.0,1,30,30,0,30,True
libVentra_deque_concurrent_deque_benchmark.json,arena,std::allocator,AllocateReleaseUnpublished,operations,61440.0,1,30,30,0,30,True
libVentra_deque_concurrent_deque_benchmark.json,arena,std::allocator,AllocateRetireReclaim,operations,512.0,1,30,30,0,30,True
libVentra_deque_concurrent_deque_benchmark.json,arena,std::allocator,AllocateRetireReclaim,operations,1024.0,1,30,30,0,30,True
libVentra_deque_concurrent_deque_benchmark.json,arena,std::allocator,AllocateRetireReclaim,operations,2048.0,1,30,30,0,30,True
libVentra_deque_concurrent_deque_benchmark.json,arena,std::allocator,AllocateRetireReclaim,operations,4096.0,1,30,30,0,30,True
libVentra_deque_concurrent_deque_benchmark.json,arena,std::allocator,AllocateRetireReclaim,operations,8192.0,1,30,30,0,30,True
libVentra_deque_concurrent_deque_benchmark.json,arena,std::allocator,AllocateRetireReclaim,operations,16384.0,1,30,30,0,30,True
libVentra_deque_concurrent_deque_benchmark.json,arena,std::allocator,AllocateRetireReclaim,operations,32768.0,1,30,30,0,30,True
libVentra_deque_concurrent_deque_benchmark.json,arena,std::allocator,AllocateRetireReclaim,operations,49152.0,1,30,30,0,30,True
libVentra_deque_concurrent_deque_benchmark.json,arena,std::allocator,AllocateRetireReclaim,operations,61440.0,1,30,30,0,30,True
libVentra_deque_concurrent_deque_benchmark.json,arena,std::allocator,ConstructDestroy,,,1,30,30,0,30,True
libVentra_deque_concurrent_deque_benchmark.json,barrier,barrier,BarrierOverhead,,,1,30,30,0,30,True
libVentra_deque_concurrent_deque_benchmark.json,barrier,barrier,BarrierOverhead,,,2,30,30,0,30,True
libVentra_deque_concurrent_deque_benchmark.json,barrier,barrier,BarrierOverhead,,,4,30,30,0,30,True
libVentra_deque_concurrent_deque_benchmark.json,barrier,barrier,BarrierOverhead,,,8,30,30,0,30,True
libVentra_deque_concurrent_deque_benchmark.json,barrier,barrier,BarrierOverhead,,,12,30,30,0,30,True
libVentra_deque_concurrent_deque_benchmark.json,barrier,barrier,BarrierOverhead,,,16,30,30,0,30,True
libVentra_deque_concurrent_deque_benchmark.json,barrier,barrier,BarrierOverhead,,,24,30,30,0,30,True
libVentra_deque_concurrent_deque_benchmark.json,barrier,barrier,BarrierOverhead,,,32,30,30,0,30,True
libVentra_deque_concurrent_deque_benchmark.json,barrier,barrier,BarrierOverhead,,,48,30,30,0,30,True
libVentra_deque_concurrent_deque_benchmark.json,barrier,barrier,BarrierOverhead,,,64,30,30,0,30,True
libVentra_deque_concurrent_deque_benchmark.json,deque,mmap,ConcurrentPhasedPushBackPopFront,total_operations,8192.0,1,30,30,0,30,True
libVentra_deque_concurrent_deque_benchmark.json,deque,mmap,ConcurrentPhasedPushBackPopFront,total_operations,8192.0,2,30,30,0,30,True
libVentra_deque_concurrent_deque_benchmark.json,deque,mmap,ConcurrentPhasedPushBackPopFront,total_operations,8192.0,4,30,30,0,30,True
libVentra_deque_concurrent_deque_benchmark.json,deque,mmap,ConcurrentPhasedPushBackPopFront,total_operations,8192.0,8,30,30,0,30,True
libVentra_deque_concurrent_deque_benchmark.json,deque,mmap,ConcurrentPhasedPushBackPopFront,total_operations,8192.0,12,30,30,0,30,True
libVentra_deque_concurrent_deque_benchmark.json,deque,mmap,ConcurrentPhasedPushBackPopFront,total_operations,8192.0,16,30,30,0,30,True
libVentra_deque_concurrent_deque_benchmark.json,deque,mmap,ConcurrentPhasedPushBackPopFront,total_operations,8192.0,24,30,30,0,30,True
libVentra_deque_concurrent_deque_benchmark.json,deque,mmap,ConcurrentPhasedPushBackPopFront,total_operations,8192.0,32,30,30,0,30,True
libVentra_deque_concurrent_deque_benchmark.json,deque,mmap,ConcurrentPhasedPushBackPopFront,total_operations,8192.0,48,30,30,0,30,True
libVentra_deque_concurrent_deque_benchmark.json,deque,mmap,ConcurrentPhasedPushBackPopFront,total_operations,8192.0,64,30,30,0,30,True
libVentra_deque_concurrent_deque_benchmark.json,deque,mmap,ConcurrentPhasedPushBackPopFront,total_operations,32768.0,1,30,30,0,30,True
libVentra_deque_concurrent_deque_benchmark.json,deque,mmap,ConcurrentPhasedPushBackPopFront,total_operations,32768.0,2,30,30,0,30,True
libVentra_deque_concurrent_deque_benchmark.json,deque,mmap,ConcurrentPhasedPushBackPopFront,total_operations,32768.0,4,30,30,0,30,True
libVentra_deque_concurrent_deque_benchmark.json,deque,mmap,ConcurrentPhasedPushBackPopFront,total_operations,32768.0,8,30,30,0,30,True
libVentra_deque_concurrent_deque_benchmark.json,deque,mmap,ConcurrentPhasedPushBackPopFront,total_operations,32768.0,12,30,30,0,30,True
libVentra_deque_concurrent_deque_benchmark.json,deque,mmap,ConcurrentPhasedPushBackPopFront,total_operations,32768.0,16,30,30,0,30,True
libVentra_deque_concurrent_deque_benchmark.json,deque,mmap,ConcurrentPhasedPushBackPopFront,total_operations,32768.0,24,30,30,0,30,True
libVentra_deque_concurrent_deque_benchmark.json,deque,mmap,ConcurrentPhasedPushBackPopFront,total_operations,32768.0,32,30,30,0,30,True
libVentra_deque_concurrent_deque_benchmark.json,deque,mmap,ConcurrentPhasedPushBackPopFront,total_operations,32768.0,48,30,30,0,30,True
libVentra_deque_concurrent_deque_benchmark.json,deque,mmap,ConcurrentPhasedPushBackPopFront,total_operations,32768.0,64,30,30,0,30,True
libVentra_deque_concurrent_deque_benchmark.json,deque,mmap,ConcurrentPhasedPushBackPopFront,total_operations,61440.0,1,30,30,0,30,True
libVentra_deque_concurrent_deque_benchmark.json,deque,mmap,ConcurrentPhasedPushBackPopFront,total_operations,61440.0,2,30,30,0,30,True
libVentra_deque_concurrent_deque_benchmark.json,deque,mmap,ConcurrentPhasedPushBackPopFront,total_operations,61440.0,4,30,30,0,30,True
libVentra_deque_concurrent_deque_benchmark.json,deque,mmap,ConcurrentPhasedPushBackPopFront,total_operations,61440.0,8,30,30,0,30,True
libVentra_deque_concurrent_deque_benchmark.json,deque,mmap,ConcurrentPhasedPushBackPopFront,total_operations,61440.0,12,30,30,0,30,True
libVentra_deque_concurrent_deque_benchmark.json,deque,mmap,ConcurrentPhasedPushBackPopFront,total_operations,61440.0,16,30,30,0,30,True
libVentra_deque_concurrent_deque_benchmark.json,deque,mmap,ConcurrentPhasedPushBackPopFront,total_operations,61440.0,24,30,30,0,30,True
libVentra_deque_concurrent_deque_benchmark.json,deque,mmap,ConcurrentPhasedPushBackPopFront,total_operations,61440.0,32,30,30,0,30,True
libVentra_deque_concurrent_deque_benchmark.json,deque,mmap,ConcurrentPhasedPushBackPopFront,total_operations,61440.0,48,30,30,0,30,True
libVentra_deque_concurrent_deque_benchmark.json,deque,mmap,ConcurrentPhasedPushBackPopFront,total_operations,61440.0,64,30,30,0,30,True
libVentra_deque_concurrent_deque_benchmark.json,deque,mmap,ConcurrentSteadyPushBackPopFront,operations_per_thread,512.0,1,30,30,0,30,True
libVentra_deque_concurrent_deque_benchmark.json,deque,mmap,ConcurrentSteadyPushBackPopFront,operations_per_thread,512.0,2,30,30,0,30,True
libVentra_deque_concurrent_deque_benchmark.json,deque,mmap,ConcurrentSteadyPushBackPopFront,operations_per_thread,512.0,4,30,30,0,30,True
libVentra_deque_concurrent_deque_benchmark.json,deque,mmap,ConcurrentSteadyPushBackPopFront,operations_per_thread,512.0,8,30,30,0,30,True
libVentra_deque_concurrent_deque_benchmark.json,deque,mmap,ConcurrentSteadyPushBackPopFront,operations_per_thread,512.0,12,30,30,0,30,True
libVentra_deque_concurrent_deque_benchmark.json,deque,mmap,ConcurrentSteadyPushBackPopFront,operations_per_thread,512.0,16,30,30,0,30,True
libVentra_deque_concurrent_deque_benchmark.json,deque,mmap,ConcurrentSteadyPushBackPopFront,operations_per_thread,512.0,24,30,30,0,30,True
libVentra_deque_concurrent_deque_benchmark.json,deque,mmap,ConcurrentSteadyPushBackPopFront,operations_per_thread,512.0,32,30,30,0,30,True
libVentra_deque_concurrent_deque_benchmark.json,deque,mmap,ConcurrentSteadyPushBackPopFront,operations_per_thread,512.0,48,30,30,0,30,True
libVentra_deque_concurrent_deque_benchmark.json,deque,mmap,ConcurrentSteadyPushBackPopFront,operations_per_thread,512.0,64,30,30,0,30,True
libVentra_deque_concurrent_deque_benchmark.json,deque,mmap,ConcurrentSteadyPushBackPopFront,operations_per_thread,2048.0,1,30,30,0,30,True
libVentra_deque_concurrent_deque_benchmark.json,deque,mmap,ConcurrentSteadyPushBackPopFront,operations_per_thread,2048.0,2,30,30,0,30,True
libVentra_deque_concurrent_deque_benchmark.json,deque,mmap,ConcurrentSteadyPushBackPopFront,operations_per_thread,2048.0,4,30,30,0,30,True
libVentra_deque_concurrent_deque_benchmark.json,deque,mmap,ConcurrentSteadyPushBackPopFront,operations_per_thread,2048.0,8,30,30,0,30,True
libVentra_deque_concurrent_deque_benchmark.json,deque,mmap,ConcurrentSteadyPushBackPopFront,operations_per_thread,2048.0,12,30,30,0,30,True
libVentra_deque_concurrent_deque_benchmark.json,deque,mmap,ConcurrentSteadyPushBackPopFront,operations_per_thread,2048.0,16,30,30,0,30,True
libVentra_deque_concurrent_deque_benchmark.json,deque,mmap,ConcurrentSteadyPushBackPopFront,operations_per_thread,2048.0,24,30,30,0,30,True
libVentra_deque_concurrent_deque_benchmark.json,deque,mmap,ConcurrentSteadyPushBackPopFront,operations_per_thread,2048.0,32,30,30,0,30,True
libVentra_deque_concurrent_deque_benchmark.json,deque,mmap,ConcurrentSteadyPushBackPopFront,operations_per_thread,2048.0,48,30,30,0,30,True
libVentra_deque_concurrent_deque_benchmark.json,deque,mmap,ConcurrentSteadyPushBackPopFront,operations_per_thread,2048.0,64,30,30,0,30,True
libVentra_deque_concurrent_deque_benchmark.json,deque,mmap,ConcurrentSteadyPushBackPopFront,operations_per_thread,8192.0,1,30,30,0,30,True
libVentra_deque_concurrent_deque_benchmark.json,deque,mmap,ConcurrentSteadyPushBackPopFront,operations_per_thread,8192.0,2,30,30,0,30,True
libVentra_deque_concurrent_deque_benchmark.json,deque,mmap,ConcurrentSteadyPushBackPopFront,operations_per_thread,8192.0,4,30,30,0,30,True
libVentra_deque_concurrent_deque_benchmark.json,deque,mmap,ConcurrentSteadyPushBackPopFront,operations_per_thread,8192.0,8,30,30,0,30,True
libVentra_deque_concurrent_deque_benchmark.json,deque,mmap,ConcurrentSteadyPushBackPopFront,operations_per_thread,8192.0,12,30,30,0,30,True
libVentra_deque_concurrent_deque_benchmark.json,deque,mmap,ConcurrentSteadyPushBackPopFront,operations_per_thread,8192.0,16,30,30,0,30,True
libVentra_deque_concurrent_deque_benchmark.json,deque,mmap,ConcurrentSteadyPushBackPopFront,operations_per_thread,8192.0,24,30,30,0,30,True
libVentra_deque_concurrent_deque_benchmark.json,deque,mmap,ConcurrentSteadyPushBackPopFront,operations_per_thread,8192.0,32,30,30,0,30,True
libVentra_deque_concurrent_deque_benchmark.json,deque,mmap,ConcurrentSteadyPushBackPopFront,operations_per_thread,8192.0,48,30,30,0,30,True
libVentra_deque_concurrent_deque_benchmark.json,deque,mmap,ConcurrentSteadyPushBackPopFront,operations_per_thread,8192.0,64,30,30,0,30,True
libVentra_deque_concurrent_deque_benchmark.json,deque,mmap,ConcurrentSteadyPushFrontPopBack,operations_per_thread,512.0,1,30,30,0,30,True
libVentra_deque_concurrent_deque_benchmark.json,deque,mmap,ConcurrentSteadyPushFrontPopBack,operations_per_thread,512.0,2,30,30,0,30,True
libVentra_deque_concurrent_deque_benchmark.json,deque,mmap,ConcurrentSteadyPushFrontPopBack,operations_per_thread,512.0,4,30,30,0,30,True
libVentra_deque_concurrent_deque_benchmark.json,deque,mmap,ConcurrentSteadyPushFrontPopBack,operations_per_thread,512.0,8,30,30,0,30,True
libVentra_deque_concurrent_deque_benchmark.json,deque,mmap,ConcurrentSteadyPushFrontPopBack,operations_per_thread,512.0,12,30,30,0,30,True
libVentra_deque_concurrent_deque_benchmark.json,deque,mmap,ConcurrentSteadyPushFrontPopBack,operations_per_thread,512.0,16,30,30,0,30,True
libVentra_deque_concurrent_deque_benchmark.json,deque,mmap,ConcurrentSteadyPushFrontPopBack,operations_per_thread,512.0,24,30,30,0,30,True
libVentra_deque_concurrent_deque_benchmark.json,deque,mmap,ConcurrentSteadyPushFrontPopBack,operations_per_thread,512.0,32,30,30,0,30,True
libVentra_deque_concurrent_deque_benchmark.json,deque,mmap,ConcurrentSteadyPushFrontPopBack,operations_per_thread,512.0,48,30,30,0,30,True
libVentra_deque_concurrent_deque_benchmark.json,deque,mmap,ConcurrentSteadyPushFrontPopBack,operations_per_thread,512.0,64,30,30,0,30,True
libVentra_deque_concurrent_deque_benchmark.json,deque,mmap,ConcurrentSteadyPushFrontPopBack,operations_per_thread,2048.0,1,30,30,0,30,True
libVentra_deque_concurrent_deque_benchmark.json,deque,mmap,ConcurrentSteadyPushFrontPopBack,operations_per_thread,2048.0,2,30,30,0,30,True
libVentra_deque_concurrent_deque_benchmark.json,deque,mmap,ConcurrentSteadyPushFrontPopBack,operations_per_thread,2048.0,4,30,30,0,30,True
libVentra_deque_concurrent_deque_benchmark.json,deque,mmap,ConcurrentSteadyPushFrontPopBack,operations_per_thread,2048.0,8,30,30,0,30,True
libVentra_deque_concurrent_deque_benchmark.json,deque,mmap,ConcurrentSteadyPushFrontPopBack,operations_per_thread,2048.0,12,30,30,0,30,True
libVentra_deque_concurrent_deque_benchmark.json,deque,mmap,ConcurrentSteadyPushFrontPopBack,operations_per_thread,2048.0,16,30,30,0,30,True
libVentra_deque_concurrent_deque_benchmark.json,deque,mmap,ConcurrentSteadyPushFrontPopBack,operations_per_thread,2048.0,24,30,30,0,30,True
libVentra_deque_concurrent_deque_benchmark.json,deque,mmap,ConcurrentSteadyPushFrontPopBack,operations_per_thread,2048.0,32,30,30,0,30,True
libVentra_deque_concurrent_deque_benchmark.json,deque,mmap,ConcurrentSteadyPushFrontPopBack,operations_per_thread,2048.0,48,30,30,0,30,True
libVentra_deque_concurrent_deque_benchmark.json,deque,mmap,ConcurrentSteadyPushFrontPopBack,operations_per_thread,2048.0,64,30,30,0,30,True
libVentra_deque_concurrent_deque_benchmark.json,deque,mmap,ConcurrentSteadyPushFrontPopBack,operations_per_thread,8192.0,1,30,30,0,30,True
libVentra_deque_concurrent_deque_benchmark.json,deque,mmap,ConcurrentSteadyPushFrontPopBack,operations_per_thread,8192.0,2,30,30,0,30,True
libVentra_deque_concurrent_deque_benchmark.json,deque,mmap,ConcurrentSteadyPushFrontPopBack,operations_per_thread,8192.0,4,30,30,0,30,True
libVentra_deque_concurrent_deque_benchmark.json,deque,mmap,ConcurrentSteadyPushFrontPopBack,operations_per_thread,8192.0,8,30,30,0,30,True
libVentra_deque_concurrent_deque_benchmark.json,deque,mmap,ConcurrentSteadyPushFrontPopBack,operations_per_thread,8192.0,12,30,30,0,30,True
libVentra_deque_concurrent_deque_benchmark.json,deque,mmap,ConcurrentSteadyPushFrontPopBack,operations_per_thread,8192.0,16,30,30,0,30,True
libVentra_deque_concurrent_deque_benchmark.json,deque,mmap,ConcurrentSteadyPushFrontPopBack,operations_per_thread,8192.0,24,30,30,0,30,True
libVentra_deque_concurrent_deque_benchmark.json,deque,mmap,ConcurrentSteadyPushFrontPopBack,operations_per_thread,8192.0,32,30,30,0,30,True
libVentra_deque_concurrent_deque_benchmark.json,deque,mmap,ConcurrentSteadyPushFrontPopBack,operations_per_thread,8192.0,48,30,30,0,30,True
libVentra_deque_concurrent_deque_benchmark.json,deque,mmap,ConcurrentSteadyPushFrontPopBack,operations_per_thread,8192.0,64,30,30,0,30,True
libVentra_deque_concurrent_deque_benchmark.json,deque,mmap,ConstructDestroy,,,1,30,30,0,30,True
libVentra_deque_concurrent_deque_benchmark.json,deque,mmap,PushBackPopFront,operations,512.0,1,30,30,0,30,True
libVentra_deque_concurrent_deque_benchmark.json,deque,mmap,PushBackPopFront,operations,1024.0,1,30,30,0,30,True
libVentra_deque_concurrent_deque_benchmark.json,deque,mmap,PushBackPopFront,operations,2048.0,1,30,30,0,30,True
libVentra_deque_concurrent_deque_benchmark.json,deque,mmap,PushBackPopFront,operations,4096.0,1,30,30,0,30,True
libVentra_deque_concurrent_deque_benchmark.json,deque,mmap,PushBackPopFront,operations,8192.0,1,30,30,0,30,True
libVentra_deque_concurrent_deque_benchmark.json,deque,mmap,PushBackPopFront,operations,16384.0,1,30,30,0,30,True
libVentra_deque_concurrent_deque_benchmark.json,deque,mmap,PushBackPopFront,operations,32768.0,1,30,30,0,30,True
libVentra_deque_concurrent_deque_benchmark.json,deque,mmap,PushBackPopFront,operations,49152.0,1,30,30,0,30,True
libVentra_deque_concurrent_deque_benchmark.json,deque,mmap,PushBackPopFront,operations,61440.0,1,30,30,0,30,True
libVentra_deque_concurrent_deque_benchmark.json,deque,mmap,PushFrontPopBack,operations,512.0,1,30,30,0,30,True
libVentra_deque_concurrent_deque_benchmark.json,deque,mmap,PushFrontPopBack,operations,1024.0,1,30,30,0,30,True
libVentra_deque_concurrent_deque_benchmark.json,deque,mmap,PushFrontPopBack,operations,2048.0,1,30,30,0,30,True
libVentra_deque_concurrent_deque_benchmark.json,deque,mmap,PushFrontPopBack,operations,4096.0,1,30,30,0,30,True
libVentra_deque_concurrent_deque_benchmark.json,deque,mmap,PushFrontPopBack,operations,8192.0,1,30,30,0,30,True
libVentra_deque_concurrent_deque_benchmark.json,deque,mmap,PushFrontPopBack,operations,16384.0,1,30,30,0,30,True
libVentra_deque_concurrent_deque_benchmark.json,deque,mmap,PushFrontPopBack,operations,32768.0,1,30,30,0,30,True
libVentra_deque_concurrent_deque_benchmark.json,deque,mmap,PushFrontPopBack,operations,49152.0,1,30,30,0,30,True
libVentra_deque_concurrent_deque_benchmark.json,deque,mmap,PushFrontPopBack,operations,61440.0,1,30,30,0,30,True
libVentra_deque_concurrent_deque_benchmark.json,deque,new/delete,ConcurrentPhasedPushBackPopFront,total_operations,8192.0,1,30,30,0,30,True
libVentra_deque_concurrent_deque_benchmark.json,deque,new/delete,ConcurrentPhasedPushBackPopFront,total_operations,8192.0,2,30,30,0,30,True
libVentra_deque_concurrent_deque_benchmark.json,deque,new/delete,ConcurrentPhasedPushBackPopFront,total_operations,8192.0,4,30,30,0,30,True
libVentra_deque_concurrent_deque_benchmark.json,deque,new/delete,ConcurrentPhasedPushBackPopFront,total_operations,8192.0,8,30,30,0,30,True
libVentra_deque_concurrent_deque_benchmark.json,deque,new/delete,ConcurrentPhasedPushBackPopFront,total_operations,8192.0,12,30,30,0,30,True
libVentra_deque_concurrent_deque_benchmark.json,deque,new/delete,ConcurrentPhasedPushBackPopFront,total_operations,8192.0,16,30,30,0,30,True
libVentra_deque_concurrent_deque_benchmark.json,deque,new/delete,ConcurrentPhasedPushBackPopFront,total_operations,8192.0,24,30,30,0,30,True
libVentra_deque_concurrent_deque_benchmark.json,deque,new/delete,ConcurrentPhasedPushBackPopFront,total_operations,8192.0,32,30,30,0,30,True
libVentra_deque_concurrent_deque_benchmark.json,deque,new/delete,ConcurrentPhasedPushBackPopFront,total_operations,8192.0,48,30,30,0,30,True
libVentra_deque_concurrent_deque_benchmark.json,deque,new/delete,ConcurrentPhasedPushBackPopFront,total_operations,8192.0,64,30,30,0,30,True
libVentra_deque_concurrent_deque_benchmark.json,deque,new/delete,ConcurrentPhasedPushBackPopFront,total_operations,32768.0,1,30,30,0,30,True
libVentra_deque_concurrent_deque_benchmark.json,deque,new/delete,ConcurrentPhasedPushBackPopFront,total_operations,32768.0,2,30,30,0,30,True
libVentra_deque_concurrent_deque_benchmark.json,deque,new/delete,ConcurrentPhasedPushBackPopFront,total_operations,32768.0,4,30,30,0,30,True
libVentra_deque_concurrent_deque_benchmark.json,deque,new/delete,ConcurrentPhasedPushBackPopFront,total_operations,32768.0,8,30,30,0,30,True
libVentra_deque_concurrent_deque_benchmark.json,deque,new/delete,ConcurrentPhasedPushBackPopFront,total_operations,32768.0,12,30,30,0,30,True
libVentra_deque_concurrent_deque_benchmark.json,deque,new/delete,ConcurrentPhasedPushBackPopFront,total_operations,32768.0,16,30,30,0,30,True
libVentra_deque_concurrent_deque_benchmark.json,deque,new/delete,ConcurrentPhasedPushBackPopFront,total_operations,32768.0,24,30,30,0,30,True
libVentra_deque_concurrent_deque_benchmark.json,deque,new/delete,ConcurrentPhasedPushBackPopFront,total_operations,32768.0,32,30,30,0,30,True
libVentra_deque_concurrent_deque_benchmark.json,deque,new/delete,ConcurrentPhasedPushBackPopFront,total_operations,32768.0,48,30,30,0,30,True
libVentra_deque_concurrent_deque_benchmark.json,deque,new/delete,ConcurrentPhasedPushBackPopFront,total_operations,32768.0,64,30,30,0,30,True
libVentra_deque_concurrent_deque_benchmark.json,deque,new/delete,ConcurrentPhasedPushBackPopFront,total_operations,61440.0,1,30,30,0,30,True
libVentra_deque_concurrent_deque_benchmark.json,deque,new/delete,ConcurrentPhasedPushBackPopFront,total_operations,61440.0,2,30,30,0,30,True
libVentra_deque_concurrent_deque_benchmark.json,deque,new/delete,ConcurrentPhasedPushBackPopFront,total_operations,61440.0,4,30,30,0,30,True
libVentra_deque_concurrent_deque_benchmark.json,deque,new/delete,ConcurrentPhasedPushBackPopFront,total_operations,61440.0,8,30,30,0,30,True
libVentra_deque_concurrent_deque_benchmark.json,deque,new/delete,ConcurrentPhasedPushBackPopFront,total_operations,61440.0,12,30,30,0,30,True
libVentra_deque_concurrent_deque_benchmark.json,deque,new/delete,ConcurrentPhasedPushBackPopFront,total_operations,61440.0,16,30,30,0,30,True
libVentra_deque_concurrent_deque_benchmark.json,deque,new/delete,ConcurrentPhasedPushBackPopFront,total_operations,61440.0,24,30,30,0,30,True
libVentra_deque_concurrent_deque_benchmark.json,deque,new/delete,ConcurrentPhasedPushBackPopFront,total_operations,61440.0,32,30,30,0,30,True
libVentra_deque_concurrent_deque_benchmark.json,deque,new/delete,ConcurrentPhasedPushBackPopFront,total_operations,61440.0,48,30,30,0,30,True
libVentra_deque_concurrent_deque_benchmark.json,deque,new/delete,ConcurrentPhasedPushBackPopFront,total_operations,61440.0,64,30,30,0,30,True
libVentra_deque_concurrent_deque_benchmark.json,deque,new/delete,ConcurrentSteadyPushBackPopFront,operations_per_thread,512.0,1,30,30,0,30,True
libVentra_deque_concurrent_deque_benchmark.json,deque,new/delete,ConcurrentSteadyPushBackPopFront,operations_per_thread,512.0,2,30,30,0,30,True
libVentra_deque_concurrent_deque_benchmark.json,deque,new/delete,ConcurrentSteadyPushBackPopFront,operations_per_thread,512.0,4,30,30,0,30,True
libVentra_deque_concurrent_deque_benchmark.json,deque,new/delete,ConcurrentSteadyPushBackPopFront,operations_per_thread,512.0,8,30,30,0,30,True
libVentra_deque_concurrent_deque_benchmark.json,deque,new/delete,ConcurrentSteadyPushBackPopFront,operations_per_thread,512.0,12,30,30,0,30,True
libVentra_deque_concurrent_deque_benchmark.json,deque,new/delete,ConcurrentSteadyPushBackPopFront,operations_per_thread,512.0,16,30,30,0,30,True
libVentra_deque_concurrent_deque_benchmark.json,deque,new/delete,ConcurrentSteadyPushBackPopFront,operations_per_thread,512.0,24,30,30,0,30,True
libVentra_deque_concurrent_deque_benchmark.json,deque,new/delete,ConcurrentSteadyPushBackPopFront,operations_per_thread,512.0,32,30,30,0,30,True
libVentra_deque_concurrent_deque_benchmark.json,deque,new/delete,ConcurrentSteadyPushBackPopFront,operations_per_thread,512.0,48,30,30,0,30,True
libVentra_deque_concurrent_deque_benchmark.json,deque,new/delete,ConcurrentSteadyPushBackPopFront,operations_per_thread,512.0,64,30,30,0,30,True
libVentra_deque_concurrent_deque_benchmark.json,deque,new/delete,ConcurrentSteadyPushBackPopFront,operations_per_thread,2048.0,1,30,30,0,30,True
libVentra_deque_concurrent_deque_benchmark.json,deque,new/delete,ConcurrentSteadyPushBackPopFront,operations_per_thread,2048.0,2,30,30,0,30,True
libVentra_deque_concurrent_deque_benchmark.json,deque,new/delete,ConcurrentSteadyPushBackPopFront,operations_per_thread,2048.0,4,30,30,0,30,True
libVentra_deque_concurrent_deque_benchmark.json,deque,new/delete,ConcurrentSteadyPushBackPopFront,operations_per_thread,2048.0,8,30,30,0,30,True
libVentra_deque_concurrent_deque_benchmark.json,deque,new/delete,ConcurrentSteadyPushBackPopFront,operations_per_thread,2048.0,12,30,30,0,30,True
libVentra_deque_concurrent_deque_benchmark.json,deque,new/delete,ConcurrentSteadyPushBackPopFront,operations_per_thread,2048.0,16,30,30,0,30,True
libVentra_deque_concurrent_deque_benchmark.json,deque,new/delete,ConcurrentSteadyPushBackPopFront,operations_per_thread,2048.0,24,30,30,0,30,True
libVentra_deque_concurrent_deque_benchmark.json,deque,new/delete,ConcurrentSteadyPushBackPopFront,operations_per_thread,2048.0,32,30,30,0,30,True
libVentra_deque_concurrent_deque_benchmark.json,deque,new/delete,ConcurrentSteadyPushBackPopFront,operations_per_thread,2048.0,48,30,30,0,30,True
libVentra_deque_concurrent_deque_benchmark.json,deque,new/delete,ConcurrentSteadyPushBackPopFront,operations_per_thread,2048.0,64,30,30,0,30,True
libVentra_deque_concurrent_deque_benchmark.json,deque,new/delete,ConcurrentSteadyPushBackPopFront,operations_per_thread,8192.0,1,30,30,0,30,True
libVentra_deque_concurrent_deque_benchmark.json,deque,new/delete,ConcurrentSteadyPushBackPopFront,operations_per_thread,8192.0,2,30,30,0,30,True
libVentra_deque_concurrent_deque_benchmark.json,deque,new/delete,ConcurrentSteadyPushBackPopFront,operations_per_thread,8192.0,4,30,30,0,30,True
libVentra_deque_concurrent_deque_benchmark.json,deque,new/delete,ConcurrentSteadyPushBackPopFront,operations_per_thread,8192.0,8,30,30,0,30,True
libVentra_deque_concurrent_deque_benchmark.json,deque,new/delete,ConcurrentSteadyPushBackPopFront,operations_per_thread,8192.0,12,30,30,0,30,True
libVentra_deque_concurrent_deque_benchmark.json,deque,new/delete,ConcurrentSteadyPushBackPopFront,operations_per_thread,8192.0,16,30,30,0,30,True
libVentra_deque_concurrent_deque_benchmark.json,deque,new/delete,ConcurrentSteadyPushBackPopFront,operations_per_thread,8192.0,24,30,30,0,30,True
libVentra_deque_concurrent_deque_benchmark.json,deque,new/delete,ConcurrentSteadyPushBackPopFront,operations_per_thread,8192.0,32,30,30,0,30,True
libVentra_deque_concurrent_deque_benchmark.json,deque,new/delete,ConcurrentSteadyPushBackPopFront,operations_per_thread,8192.0,48,30,30,0,30,True
libVentra_deque_concurrent_deque_benchmark.json,deque,new/delete,ConcurrentSteadyPushBackPopFront,operations_per_thread,8192.0,64,30,30,0,30,True
libVentra_deque_concurrent_deque_benchmark.json,deque,new/delete,ConcurrentSteadyPushFrontPopBack,operations_per_thread,512.0,1,30,30,0,30,True
libVentra_deque_concurrent_deque_benchmark.json,deque,new/delete,ConcurrentSteadyPushFrontPopBack,operations_per_thread,512.0,2,30,30,0,30,True
libVentra_deque_concurrent_deque_benchmark.json,deque,new/delete,ConcurrentSteadyPushFrontPopBack,operations_per_thread,512.0,4,30,30,0,30,True
libVentra_deque_concurrent_deque_benchmark.json,deque,new/delete,ConcurrentSteadyPushFrontPopBack,operations_per_thread,512.0,8,30,30,0,30,True
libVentra_deque_concurrent_deque_benchmark.json,deque,new/delete,ConcurrentSteadyPushFrontPopBack,operations_per_thread,512.0,12,30,30,0,30,True
libVentra_deque_concurrent_deque_benchmark.json,deque,new/delete,ConcurrentSteadyPushFrontPopBack,operations_per_thread,512.0,16,30,30,0,30,True
libVentra_deque_concurrent_deque_benchmark.json,deque,new/delete,ConcurrentSteadyPushFrontPopBack,operations_per_thread,512.0,24,30,30,0,30,True
libVentra_deque_concurrent_deque_benchmark.json,deque,new/delete,ConcurrentSteadyPushFrontPopBack,operations_per_thread,512.0,32,30,30,0,30,True
libVentra_deque_concurrent_deque_benchmark.json,deque,new/delete,ConcurrentSteadyPushFrontPopBack,operations_per_thread,512.0,48,30,30,0,30,True
libVentra_deque_concurrent_deque_benchmark.json,deque,new/delete,ConcurrentSteadyPushFrontPopBack,operations_per_thread,512.0,64,30,30,0,30,True
libVentra_deque_concurrent_deque_benchmark.json,deque,new/delete,ConcurrentSteadyPushFrontPopBack,operations_per_thread,2048.0,1,30,30,0,30,True
libVentra_deque_concurrent_deque_benchmark.json,deque,new/delete,ConcurrentSteadyPushFrontPopBack,operations_per_thread,2048.0,2,30,30,0,30,True
libVentra_deque_concurrent_deque_benchmark.json,deque,new/delete,ConcurrentSteadyPushFrontPopBack,operations_per_thread,2048.0,4,30,30,0,30,True
libVentra_deque_concurrent_deque_benchmark.json,deque,new/delete,ConcurrentSteadyPushFrontPopBack,operations_per_thread,2048.0,8,30,30,0,30,True
libVentra_deque_concurrent_deque_benchmark.json,deque,new/delete,ConcurrentSteadyPushFrontPopBack,operations_per_thread,2048.0,12,30,30,0,30,True
libVentra_deque_concurrent_deque_benchmark.json,deque,new/delete,ConcurrentSteadyPushFrontPopBack,operations_per_thread,2048.0,16,30,30,0,30,True
libVentra_deque_concurrent_deque_benchmark.json,deque,new/delete,ConcurrentSteadyPushFrontPopBack,operations_per_thread,2048.0,24,30,30,0,30,True
libVentra_deque_concurrent_deque_benchmark.json,deque,new/delete,ConcurrentSteadyPushFrontPopBack,operations_per_thread,2048.0,32,30,30,0,30,True
libVentra_deque_concurrent_deque_benchmark.json,deque,new/delete,ConcurrentSteadyPushFrontPopBack,operations_per_thread,2048.0,48,30,30,0,30,True
libVentra_deque_concurrent_deque_benchmark.json,deque,new/delete,ConcurrentSteadyPushFrontPopBack,operations_per_thread,2048.0,64,30,30,0,30,True
libVentra_deque_concurrent_deque_benchmark.json,deque,new/delete,ConcurrentSteadyPushFrontPopBack,operations_per_thread,8192.0,1,30,30,0,30,True
libVentra_deque_concurrent_deque_benchmark.json,deque,new/delete,ConcurrentSteadyPushFrontPopBack,operations_per_thread,8192.0,2,30,30,0,30,True
libVentra_deque_concurrent_deque_benchmark.json,deque,new/delete,ConcurrentSteadyPushFrontPopBack,operations_per_thread,8192.0,4,30,30,0,30,True
libVentra_deque_concurrent_deque_benchmark.json,deque,new/delete,ConcurrentSteadyPushFrontPopBack,operations_per_thread,8192.0,8,30,30,0,30,True
libVentra_deque_concurrent_deque_benchmark.json,deque,new/delete,ConcurrentSteadyPushFrontPopBack,operations_per_thread,8192.0,12,30,30,0,30,True
libVentra_deque_concurrent_deque_benchmark.json,deque,new/delete,ConcurrentSteadyPushFrontPopBack,operations_per_thread,8192.0,16,30,30,0,30,True
libVentra_deque_concurrent_deque_benchmark.json,deque,new/delete,ConcurrentSteadyPushFrontPopBack,operations_per_thread,8192.0,24,30,30,0,30,True
libVentra_deque_concurrent_deque_benchmark.json,deque,new/delete,ConcurrentSteadyPushFrontPopBack,operations_per_thread,8192.0,32,30,30,0,30,True
libVentra_deque_concurrent_deque_benchmark.json,deque,new/delete,ConcurrentSteadyPushFrontPopBack,operations_per_thread,8192.0,48,30,30,0,30,True
libVentra_deque_concurrent_deque_benchmark.json,deque,new/delete,ConcurrentSteadyPushFrontPopBack,operations_per_thread,8192.0,64,30,30,0,30,True
libVentra_deque_concurrent_deque_benchmark.json,deque,new/delete,ConstructDestroy,,,1,30,30,0,30,True
libVentra_deque_concurrent_deque_benchmark.json,deque,new/delete,PushBackPopFront,operations,512.0,1,30,30,0,30,True
libVentra_deque_concurrent_deque_benchmark.json,deque,new/delete,PushBackPopFront,operations,1024.0,1,30,30,0,30,True
libVentra_deque_concurrent_deque_benchmark.json,deque,new/delete,PushBackPopFront,operations,2048.0,1,30,30,0,30,True
libVentra_deque_concurrent_deque_benchmark.json,deque,new/delete,PushBackPopFront,operations,4096.0,1,30,30,0,30,True
libVentra_deque_concurrent_deque_benchmark.json,deque,new/delete,PushBackPopFront,operations,8192.0,1,30,30,0,30,True
libVentra_deque_concurrent_deque_benchmark.json,deque,new/delete,PushBackPopFront,operations,16384.0,1,30,30,0,30,True
libVentra_deque_concurrent_deque_benchmark.json,deque,new/delete,PushBackPopFront,operations,32768.0,1,30,30,0,30,True
libVentra_deque_concurrent_deque_benchmark.json,deque,new/delete,PushBackPopFront,operations,49152.0,1,30,30,0,30,True
libVentra_deque_concurrent_deque_benchmark.json,deque,new/delete,PushBackPopFront,operations,61440.0,1,30,30,0,30,True
libVentra_deque_concurrent_deque_benchmark.json,deque,new/delete,PushFrontPopBack,operations,512.0,1,30,30,0,30,True
libVentra_deque_concurrent_deque_benchmark.json,deque,new/delete,PushFrontPopBack,operations,1024.0,1,30,30,0,30,True
libVentra_deque_concurrent_deque_benchmark.json,deque,new/delete,PushFrontPopBack,operations,2048.0,1,30,30,0,30,True
libVentra_deque_concurrent_deque_benchmark.json,deque,new/delete,PushFrontPopBack,operations,4096.0,1,30,30,0,30,True
libVentra_deque_concurrent_deque_benchmark.json,deque,new/delete,PushFrontPopBack,operations,8192.0,1,30,30,0,30,True
libVentra_deque_concurrent_deque_benchmark.json,deque,new/delete,PushFrontPopBack,operations,16384.0,1,30,30,0,30,True
libVentra_deque_concurrent_deque_benchmark.json,deque,new/delete,PushFrontPopBack,operations,32768.0,1,30,30,0,30,True
libVentra_deque_concurrent_deque_benchmark.json,deque,new/delete,PushFrontPopBack,operations,49152.0,1,30,30,0,30,True
libVentra_deque_concurrent_deque_benchmark.json,deque,new/delete,PushFrontPopBack,operations,61440.0,1,30,30,0,30,True
libVentra_deque_concurrent_deque_benchmark.json,deque,std::allocator,ConcurrentPhasedPushBackPopFront,total_operations,8192.0,1,30,30,0,30,True
libVentra_deque_concurrent_deque_benchmark.json,deque,std::allocator,ConcurrentPhasedPushBackPopFront,total_operations,8192.0,2,30,30,0,30,True
libVentra_deque_concurrent_deque_benchmark.json,deque,std::allocator,ConcurrentPhasedPushBackPopFront,total_operations,8192.0,4,30,30,0,30,True
libVentra_deque_concurrent_deque_benchmark.json,deque,std::allocator,ConcurrentPhasedPushBackPopFront,total_operations,8192.0,8,30,30,0,30,True
libVentra_deque_concurrent_deque_benchmark.json,deque,std::allocator,ConcurrentPhasedPushBackPopFront,total_operations,8192.0,12,30,30,0,30,True
libVentra_deque_concurrent_deque_benchmark.json,deque,std::allocator,ConcurrentPhasedPushBackPopFront,total_operations,8192.0,16,30,30,0,30,True
libVentra_deque_concurrent_deque_benchmark.json,deque,std::allocator,ConcurrentPhasedPushBackPopFront,total_operations,8192.0,24,30,30,0,30,True
libVentra_deque_concurrent_deque_benchmark.json,deque,std::allocator,ConcurrentPhasedPushBackPopFront,total_operations,8192.0,32,30,30,0,30,True
libVentra_deque_concurrent_deque_benchmark.json,deque,std::allocator,ConcurrentPhasedPushBackPopFront,total_operations,8192.0,48,30,30,0,30,True
libVentra_deque_concurrent_deque_benchmark.json,deque,std::allocator,ConcurrentPhasedPushBackPopFront,total_operations,8192.0,64,30,30,0,30,True
libVentra_deque_concurrent_deque_benchmark.json,deque,std::allocator,ConcurrentPhasedPushBackPopFront,total_operations,32768.0,1,30,30,0,30,True
libVentra_deque_concurrent_deque_benchmark.json,deque,std::allocator,ConcurrentPhasedPushBackPopFront,total_operations,32768.0,2,30,30,0,30,True
libVentra_deque_concurrent_deque_benchmark.json,deque,std::allocator,ConcurrentPhasedPushBackPopFront,total_operations,32768.0,4,30,30,0,30,True
libVentra_deque_concurrent_deque_benchmark.json,deque,std::allocator,ConcurrentPhasedPushBackPopFront,total_operations,32768.0,8,30,30,0,30,True
libVentra_deque_concurrent_deque_benchmark.json,deque,std::allocator,ConcurrentPhasedPushBackPopFront,total_operations,32768.0,12,30,30,0,30,True
libVentra_deque_concurrent_deque_benchmark.json,deque,std::allocator,ConcurrentPhasedPushBackPopFront,total_operations,32768.0,16,30,30,0,30,True
libVentra_deque_concurrent_deque_benchmark.json,deque,std::allocator,ConcurrentPhasedPushBackPopFront,total_operations,32768.0,24,30,30,0,30,True
libVentra_deque_concurrent_deque_benchmark.json,deque,std::allocator,ConcurrentPhasedPushBackPopFront,total_operations,32768.0,32,30,30,0,30,True
libVentra_deque_concurrent_deque_benchmark.json,deque,std::allocator,ConcurrentPhasedPushBackPopFront,total_operations,32768.0,48,30,30,0,30,True
libVentra_deque_concurrent_deque_benchmark.json,deque,std::allocator,ConcurrentPhasedPushBackPopFront,total_operations,32768.0,64,30,30,0,30,True
libVentra_deque_concurrent_deque_benchmark.json,deque,std::allocator,ConcurrentPhasedPushBackPopFront,total_operations,61440.0,1,30,30,0,30,True
libVentra_deque_concurrent_deque_benchmark.json,deque,std::allocator,ConcurrentPhasedPushBackPopFront,total_operations,61440.0,2,30,30,0,30,True
libVentra_deque_concurrent_deque_benchmark.json,deque,std::allocator,ConcurrentPhasedPushBackPopFront,total_operations,61440.0,4,30,30,0,30,True
libVentra_deque_concurrent_deque_benchmark.json,deque,std::allocator,ConcurrentPhasedPushBackPopFront,total_operations,61440.0,8,30,30,0,30,True
libVentra_deque_concurrent_deque_benchmark.json,deque,std::allocator,ConcurrentPhasedPushBackPopFront,total_operations,61440.0,12,30,30,0,30,True
libVentra_deque_concurrent_deque_benchmark.json,deque,std::allocator,ConcurrentPhasedPushBackPopFront,total_operations,61440.0,16,30,30,0,30,True
libVentra_deque_concurrent_deque_benchmark.json,deque,std::allocator,ConcurrentPhasedPushBackPopFront,total_operations,61440.0,24,30,30,0,30,True
libVentra_deque_concurrent_deque_benchmark.json,deque,std::allocator,ConcurrentPhasedPushBackPopFront,total_operations,61440.0,32,30,30,0,30,True
libVentra_deque_concurrent_deque_benchmark.json,deque,std::allocator,ConcurrentPhasedPushBackPopFront,total_operations,61440.0,48,30,30,0,30,True
libVentra_deque_concurrent_deque_benchmark.json,deque,std::allocator,ConcurrentPhasedPushBackPopFront,total_operations,61440.0,64,30,30,0,30,True
libVentra_deque_concurrent_deque_benchmark.json,deque,std::allocator,ConcurrentSteadyPushBackPopFront,operations_per_thread,512.0,1,30,30,0,30,True
libVentra_deque_concurrent_deque_benchmark.json,deque,std::allocator,ConcurrentSteadyPushBackPopFront,operations_per_thread,512.0,2,30,30,0,30,True
libVentra_deque_concurrent_deque_benchmark.json,deque,std::allocator,ConcurrentSteadyPushBackPopFront,operations_per_thread,512.0,4,30,30,0,30,True
libVentra_deque_concurrent_deque_benchmark.json,deque,std::allocator,ConcurrentSteadyPushBackPopFront,operations_per_thread,512.0,8,30,30,0,30,True
libVentra_deque_concurrent_deque_benchmark.json,deque,std::allocator,ConcurrentSteadyPushBackPopFront,operations_per_thread,512.0,12,30,30,0,30,True
libVentra_deque_concurrent_deque_benchmark.json,deque,std::allocator,ConcurrentSteadyPushBackPopFront,operations_per_thread,512.0,16,30,30,0,30,True
libVentra_deque_concurrent_deque_benchmark.json,deque,std::allocator,ConcurrentSteadyPushBackPopFront,operations_per_thread,512.0,24,30,30,0,30,True
libVentra_deque_concurrent_deque_benchmark.json,deque,std::allocator,ConcurrentSteadyPushBackPopFront,operations_per_thread,512.0,32,30,30,0,30,True
libVentra_deque_concurrent_deque_benchmark.json,deque,std::allocator,ConcurrentSteadyPushBackPopFront,operations_per_thread,512.0,48,30,30,0,30,True
libVentra_deque_concurrent_deque_benchmark.json,deque,std::allocator,ConcurrentSteadyPushBackPopFront,operations_per_thread,512.0,64,30,30,0,30,True
libVentra_deque_concurrent_deque_benchmark.json,deque,std::allocator,ConcurrentSteadyPushBackPopFront,operations_per_thread,2048.0,1,30,30,0,30,True
libVentra_deque_concurrent_deque_benchmark.json,deque,std::allocator,ConcurrentSteadyPushBackPopFront,operations_per_thread,2048.0,2,30,30,0,30,True
libVentra_deque_concurrent_deque_benchmark.json,deque,std::allocator,ConcurrentSteadyPushBackPopFront,operations_per_thread,2048.0,4,30,30,0,30,True
libVentra_deque_concurrent_deque_benchmark.json,deque,std::allocator,ConcurrentSteadyPushBackPopFront,operations_per_thread,2048.0,8,30,30,0,30,True
libVentra_deque_concurrent_deque_benchmark.json,deque,std::allocator,ConcurrentSteadyPushBackPopFront,operations_per_thread,2048.0,12,30,30,0,30,True
libVentra_deque_concurrent_deque_benchmark.json,deque,std::allocator,ConcurrentSteadyPushBackPopFront,operations_per_thread,2048.0,16,30,30,0,30,True
libVentra_deque_concurrent_deque_benchmark.json,deque,std::allocator,ConcurrentSteadyPushBackPopFront,operations_per_thread,2048.0,24,30,30,0,30,True
libVentra_deque_concurrent_deque_benchmark.json,deque,std::allocator,ConcurrentSteadyPushBackPopFront,operations_per_thread,2048.0,32,30,30,0,30,True
libVentra_deque_concurrent_deque_benchmark.json,deque,std::allocator,ConcurrentSteadyPushBackPopFront,operations_per_thread,2048.0,48,30,30,0,30,True
libVentra_deque_concurrent_deque_benchmark.json,deque,std::allocator,ConcurrentSteadyPushBackPopFront,operations_per_thread,2048.0,64,30,30,0,30,True
libVentra_deque_concurrent_deque_benchmark.json,deque,std::allocator,ConcurrentSteadyPushBackPopFront,operations_per_thread,8192.0,1,30,30,0,30,True
libVentra_deque_concurrent_deque_benchmark.json,deque,std::allocator,ConcurrentSteadyPushBackPopFront,operations_per_thread,8192.0,2,30,30,0,30,True
libVentra_deque_concurrent_deque_benchmark.json,deque,std::allocator,ConcurrentSteadyPushBackPopFront,operations_per_thread,8192.0,4,30,30,0,30,True
libVentra_deque_concurrent_deque_benchmark.json,deque,std::allocator,ConcurrentSteadyPushBackPopFront,operations_per_thread,8192.0,8,30,30,0,30,True
libVentra_deque_concurrent_deque_benchmark.json,deque,std::allocator,ConcurrentSteadyPushBackPopFront,operations_per_thread,8192.0,12,30,30,0,30,True
libVentra_deque_concurrent_deque_benchmark.json,deque,std::allocator,ConcurrentSteadyPushBackPopFront,operations_per_thread,8192.0,16,30,30,0,30,True
libVentra_deque_concurrent_deque_benchmark.json,deque,std::allocator,ConcurrentSteadyPushBackPopFront,operations_per_thread,8192.0,24,30,30,0,30,True
libVentra_deque_concurrent_deque_benchmark.json,deque,std::allocator,ConcurrentSteadyPushBackPopFront,operations_per_thread,8192.0,32,30,30,0,30,True
libVentra_deque_concurrent_deque_benchmark.json,deque,std::allocator,ConcurrentSteadyPushBackPopFront,operations_per_thread,8192.0,48,30,30,0,30,True
libVentra_deque_concurrent_deque_benchmark.json,deque,std::allocator,ConcurrentSteadyPushBackPopFront,operations_per_thread,8192.0,64,30,30,0,30,True
libVentra_deque_concurrent_deque_benchmark.json,deque,std::allocator,ConcurrentSteadyPushFrontPopBack,operations_per_thread,512.0,1,30,30,0,30,True
libVentra_deque_concurrent_deque_benchmark.json,deque,std::allocator,ConcurrentSteadyPushFrontPopBack,operations_per_thread,512.0,2,30,30,0,30,True
libVentra_deque_concurrent_deque_benchmark.json,deque,std::allocator,ConcurrentSteadyPushFrontPopBack,operations_per_thread,512.0,4,30,30,0,30,True
libVentra_deque_concurrent_deque_benchmark.json,deque,std::allocator,ConcurrentSteadyPushFrontPopBack,operations_per_thread,512.0,8,30,30,0,30,True
libVentra_deque_concurrent_deque_benchmark.json,deque,std::allocator,ConcurrentSteadyPushFrontPopBack,operations_per_thread,512.0,12,30,30,0,30,True
libVentra_deque_concurrent_deque_benchmark.json,deque,std::allocator,ConcurrentSteadyPushFrontPopBack,operations_per_thread,512.0,16,30,30,0,30,True
libVentra_deque_concurrent_deque_benchmark.json,deque,std::allocator,ConcurrentSteadyPushFrontPopBack,operations_per_thread,512.0,24,30,30,0,30,True
libVentra_deque_concurrent_deque_benchmark.json,deque,std::allocator,ConcurrentSteadyPushFrontPopBack,operations_per_thread,512.0,32,30,30,0,30,True
libVentra_deque_concurrent_deque_benchmark.json,deque,std::allocator,ConcurrentSteadyPushFrontPopBack,operations_per_thread,512.0,48,30,30,0,30,True
libVentra_deque_concurrent_deque_benchmark.json,deque,std::allocator,ConcurrentSteadyPushFrontPopBack,operations_per_thread,512.0,64,30,30,0,30,True
libVentra_deque_concurrent_deque_benchmark.json,deque,std::allocator,ConcurrentSteadyPushFrontPopBack,operations_per_thread,2048.0,1,30,30,0,30,True
libVentra_deque_concurrent_deque_benchmark.json,deque,std::allocator,ConcurrentSteadyPushFrontPopBack,operations_per_thread,2048.0,2,30,30,0,30,True
libVentra_deque_concurrent_deque_benchmark.json,deque,std::allocator,ConcurrentSteadyPushFrontPopBack,operations_per_thread,2048.0,4,30,30,0,30,True
libVentra_deque_concurrent_deque_benchmark.json,deque,std::allocator,ConcurrentSteadyPushFrontPopBack,operations_per_thread,2048.0,8,30,30,0,30,True
libVentra_deque_concurrent_deque_benchmark.json,deque,std::allocator,ConcurrentSteadyPushFrontPopBack,operations_per_thread,2048.0,12,30,30,0,30,True
libVentra_deque_concurrent_deque_benchmark.json,deque,std::allocator,ConcurrentSteadyPushFrontPopBack,operations_per_thread,2048.0,16,30,30,0,30,True
libVentra_deque_concurrent_deque_benchmark.json,deque,std::allocator,ConcurrentSteadyPushFrontPopBack,operations_per_thread,2048.0,24,30,30,0,30,True
libVentra_deque_concurrent_deque_benchmark.json,deque,std::allocator,ConcurrentSteadyPushFrontPopBack,operations_per_thread,2048.0,32,30,30,0,30,True
libVentra_deque_concurrent_deque_benchmark.json,deque,std::allocator,ConcurrentSteadyPushFrontPopBack,operations_per_thread,2048.0,48,30,30,0,30,True
libVentra_deque_concurrent_deque_benchmark.json,deque,std::allocator,ConcurrentSteadyPushFrontPopBack,operations_per_thread,2048.0,64,30,30,0,30,True
libVentra_deque_concurrent_deque_benchmark.json,deque,std::allocator,ConcurrentSteadyPushFrontPopBack,operations_per_thread,8192.0,1,30,30,0,30,True
libVentra_deque_concurrent_deque_benchmark.json,deque,std::allocator,ConcurrentSteadyPushFrontPopBack,operations_per_thread,8192.0,2,30,30,0,30,True
libVentra_deque_concurrent_deque_benchmark.json,deque,std::allocator,ConcurrentSteadyPushFrontPopBack,operations_per_thread,8192.0,4,30,30,0,30,True
libVentra_deque_concurrent_deque_benchmark.json,deque,std::allocator,ConcurrentSteadyPushFrontPopBack,operations_per_thread,8192.0,8,30,30,0,30,True
libVentra_deque_concurrent_deque_benchmark.json,deque,std::allocator,ConcurrentSteadyPushFrontPopBack,operations_per_thread,8192.0,12,30,30,0,30,True
libVentra_deque_concurrent_deque_benchmark.json,deque,std::allocator,ConcurrentSteadyPushFrontPopBack,operations_per_thread,8192.0,16,30,30,0,30,True
libVentra_deque_concurrent_deque_benchmark.json,deque,std::allocator,ConcurrentSteadyPushFrontPopBack,operations_per_thread,8192.0,24,30,30,0,30,True
libVentra_deque_concurrent_deque_benchmark.json,deque,std::allocator,ConcurrentSteadyPushFrontPopBack,operations_per_thread,8192.0,32,30,30,0,30,True
libVentra_deque_concurrent_deque_benchmark.json,deque,std::allocator,ConcurrentSteadyPushFrontPopBack,operations_per_thread,8192.0,48,30,30,0,30,True
libVentra_deque_concurrent_deque_benchmark.json,deque,std::allocator,ConcurrentSteadyPushFrontPopBack,operations_per_thread,8192.0,64,30,30,0,30,True
libVentra_deque_concurrent_deque_benchmark.json,deque,std::allocator,ConstructDestroy,,,1,30,30,0,30,True
libVentra_deque_concurrent_deque_benchmark.json,deque,std::allocator,PushBackPopFront,operations,512.0,1,30,30,0,30,True
libVentra_deque_concurrent_deque_benchmark.json,deque,std::allocator,PushBackPopFront,operations,1024.0,1,30,30,0,30,True
libVentra_deque_concurrent_deque_benchmark.json,deque,std::allocator,PushBackPopFront,operations,2048.0,1,30,30,0,30,True
libVentra_deque_concurrent_deque_benchmark.json,deque,std::allocator,PushBackPopFront,operations,4096.0,1,30,30,0,30,True
libVentra_deque_concurrent_deque_benchmark.json,deque,std::allocator,PushBackPopFront,operations,8192.0,1,30,30,0,30,True
libVentra_deque_concurrent_deque_benchmark.json,deque,std::allocator,PushBackPopFront,operations,16384.0,1,30,30,0,30,True
libVentra_deque_concurrent_deque_benchmark.json,deque,std::allocator,PushBackPopFront,operations,32768.0,1,30,30,0,30,True
libVentra_deque_concurrent_deque_benchmark.json,deque,std::allocator,PushBackPopFront,operations,49152.0,1,30,30,0,30,True
libVentra_deque_concurrent_deque_benchmark.json,deque,std::allocator,PushBackPopFront,operations,61440.0,1,30,30,0,30,True
libVentra_deque_concurrent_deque_benchmark.json,deque,std::allocator,PushFrontPopBack,operations,512.0,1,30,30,0,30,True
libVentra_deque_concurrent_deque_benchmark.json,deque,std::allocator,PushFrontPopBack,operations,1024.0,1,30,30,0,30,True
libVentra_deque_concurrent_deque_benchmark.json,deque,std::allocator,PushFrontPopBack,operations,2048.0,1,30,30,0,30,True
libVentra_deque_concurrent_deque_benchmark.json,deque,std::allocator,PushFrontPopBack,operations,4096.0,1,30,30,0,30,True
libVentra_deque_concurrent_deque_benchmark.json,deque,std::allocator,PushFrontPopBack,operations,8192.0,1,30,30,0,30,True
libVentra_deque_concurrent_deque_benchmark.json,deque,std::allocator,PushFrontPopBack,operations,16384.0,1,30,30,0,30,True
libVentra_deque_concurrent_deque_benchmark.json,deque,std::allocator,PushFrontPopBack,operations,32768.0,1,30,30,0,30,True
libVentra_deque_concurrent_deque_benchmark.json,deque,std::allocator,PushFrontPopBack,operations,49152.0,1,30,30,0,30,True
libVentra_deque_concurrent_deque_benchmark.json,deque,std::allocator,PushFrontPopBack,operations,61440.0,1,30,30,0,30,True
libVentra_deque_concurrent_deque_benchmark.json,deque,std::deque + mutex,ConcurrentPhasedPushBackPopFront,total_operations,8192.0,1,30,30,0,30,True
libVentra_deque_concurrent_deque_benchmark.json,deque,std::deque + mutex,ConcurrentPhasedPushBackPopFront,total_operations,8192.0,2,30,30,0,30,True
libVentra_deque_concurrent_deque_benchmark.json,deque,std::deque + mutex,ConcurrentPhasedPushBackPopFront,total_operations,8192.0,4,30,30,0,30,True
libVentra_deque_concurrent_deque_benchmark.json,deque,std::deque + mutex,ConcurrentPhasedPushBackPopFront,total_operations,8192.0,8,30,30,0,30,True
libVentra_deque_concurrent_deque_benchmark.json,deque,std::deque + mutex,ConcurrentPhasedPushBackPopFront,total_operations,8192.0,12,30,30,0,30,True
libVentra_deque_concurrent_deque_benchmark.json,deque,std::deque + mutex,ConcurrentPhasedPushBackPopFront,total_operations,8192.0,16,30,30,0,30,True
libVentra_deque_concurrent_deque_benchmark.json,deque,std::deque + mutex,ConcurrentPhasedPushBackPopFront,total_operations,8192.0,24,30,30,0,30,True
libVentra_deque_concurrent_deque_benchmark.json,deque,std::deque + mutex,ConcurrentPhasedPushBackPopFront,total_operations,8192.0,32,30,30,0,30,True
libVentra_deque_concurrent_deque_benchmark.json,deque,std::deque + mutex,ConcurrentPhasedPushBackPopFront,total_operations,8192.0,48,30,30,0,30,True
libVentra_deque_concurrent_deque_benchmark.json,deque,std::deque + mutex,ConcurrentPhasedPushBackPopFront,total_operations,8192.0,64,30,30,0,30,True
libVentra_deque_concurrent_deque_benchmark.json,deque,std::deque + mutex,ConcurrentPhasedPushBackPopFront,total_operations,32768.0,1,30,30,0,30,True
libVentra_deque_concurrent_deque_benchmark.json,deque,std::deque + mutex,ConcurrentPhasedPushBackPopFront,total_operations,32768.0,2,30,30,0,30,True
libVentra_deque_concurrent_deque_benchmark.json,deque,std::deque + mutex,ConcurrentPhasedPushBackPopFront,total_operations,32768.0,4,30,30,0,30,True
libVentra_deque_concurrent_deque_benchmark.json,deque,std::deque + mutex,ConcurrentPhasedPushBackPopFront,total_operations,32768.0,8,30,30,0,30,True
libVentra_deque_concurrent_deque_benchmark.json,deque,std::deque + mutex,ConcurrentPhasedPushBackPopFront,total_operations,32768.0,12,30,30,0,30,True
libVentra_deque_concurrent_deque_benchmark.json,deque,std::deque + mutex,ConcurrentPhasedPushBackPopFront,total_operations,32768.0,16,30,30,0,30,True
libVentra_deque_concurrent_deque_benchmark.json,deque,std::deque + mutex,ConcurrentPhasedPushBackPopFront,total_operations,32768.0,24,30,30,0,30,True
libVentra_deque_concurrent_deque_benchmark.json,deque,std::deque + mutex,ConcurrentPhasedPushBackPopFront,total_operations,32768.0,32,30,30,0,30,True
libVentra_deque_concurrent_deque_benchmark.json,deque,std::deque + mutex,ConcurrentPhasedPushBackPopFront,total_operations,32768.0,48,30,30,0,30,True
libVentra_deque_concurrent_deque_benchmark.json,deque,std::deque + mutex,ConcurrentPhasedPushBackPopFront,total_operations,32768.0,64,30,30,0,30,True
libVentra_deque_concurrent_deque_benchmark.json,deque,std::deque + mutex,ConcurrentPhasedPushBackPopFront,total_operations,61440.0,1,30,30,0,30,True
libVentra_deque_concurrent_deque_benchmark.json,deque,std::deque + mutex,ConcurrentPhasedPushBackPopFront,total_operations,61440.0,2,30,30,0,30,True
libVentra_deque_concurrent_deque_benchmark.json,deque,std::deque + mutex,ConcurrentPhasedPushBackPopFront,total_operations,61440.0,4,30,30,0,30,True
libVentra_deque_concurrent_deque_benchmark.json,deque,std::deque + mutex,ConcurrentPhasedPushBackPopFront,total_operations,61440.0,8,30,30,0,30,True
libVentra_deque_concurrent_deque_benchmark.json,deque,std::deque + mutex,ConcurrentPhasedPushBackPopFront,total_operations,61440.0,12,30,30,0,30,True
libVentra_deque_concurrent_deque_benchmark.json,deque,std::deque + mutex,ConcurrentPhasedPushBackPopFront,total_operations,61440.0,16,30,30,0,30,True
libVentra_deque_concurrent_deque_benchmark.json,deque,std::deque + mutex,ConcurrentPhasedPushBackPopFront,total_operations,61440.0,24,30,30,0,30,True
libVentra_deque_concurrent_deque_benchmark.json,deque,std::deque + mutex,ConcurrentPhasedPushBackPopFront,total_operations,61440.0,32,30,30,0,30,True
libVentra_deque_concurrent_deque_benchmark.json,deque,std::deque + mutex,ConcurrentPhasedPushBackPopFront,total_operations,61440.0,48,30,30,0,30,True
libVentra_deque_concurrent_deque_benchmark.json,deque,std::deque + mutex,ConcurrentPhasedPushBackPopFront,total_operations,61440.0,64,30,30,0,30,True
libVentra_deque_concurrent_deque_benchmark.json,deque,std::deque + mutex,ConcurrentSteadyPushBackPopFront,operations_per_thread,512.0,1,30,30,0,30,True
libVentra_deque_concurrent_deque_benchmark.json,deque,std::deque + mutex,ConcurrentSteadyPushBackPopFront,operations_per_thread,512.0,2,30,30,0,30,True
libVentra_deque_concurrent_deque_benchmark.json,deque,std::deque + mutex,ConcurrentSteadyPushBackPopFront,operations_per_thread,512.0,4,30,30,0,30,True
libVentra_deque_concurrent_deque_benchmark.json,deque,std::deque + mutex,ConcurrentSteadyPushBackPopFront,operations_per_thread,512.0,8,30,30,0,30,True
libVentra_deque_concurrent_deque_benchmark.json,deque,std::deque + mutex,ConcurrentSteadyPushBackPopFront,operations_per_thread,512.0,12,30,30,0,30,True
libVentra_deque_concurrent_deque_benchmark.json,deque,std::deque + mutex,ConcurrentSteadyPushBackPopFront,operations_per_thread,512.0,16,30,30,0,30,True
libVentra_deque_concurrent_deque_benchmark.json,deque,std::deque + mutex,ConcurrentSteadyPushBackPopFront,operations_per_thread,512.0,24,30,30,0,30,True
libVentra_deque_concurrent_deque_benchmark.json,deque,std::deque + mutex,ConcurrentSteadyPushBackPopFront,operations_per_thread,512.0,32,30,30,0,30,True
libVentra_deque_concurrent_deque_benchmark.json,deque,std::deque + mutex,ConcurrentSteadyPushBackPopFront,operations_per_thread,512.0,48,30,30,0,30,True
libVentra_deque_concurrent_deque_benchmark.json,deque,std::deque + mutex,ConcurrentSteadyPushBackPopFront,operations_per_thread,512.0,64,30,30,0,30,True
libVentra_deque_concurrent_deque_benchmark.json,deque,std::deque + mutex,ConcurrentSteadyPushBackPopFront,operations_per_thread,2048.0,1,30,30,0,30,True
libVentra_deque_concurrent_deque_benchmark.json,deque,std::deque + mutex,ConcurrentSteadyPushBackPopFront,operations_per_thread,2048.0,2,30,30,0,30,True
libVentra_deque_concurrent_deque_benchmark.json,deque,std::deque + mutex,ConcurrentSteadyPushBackPopFront,operations_per_thread,2048.0,4,30,30,0,30,True
libVentra_deque_concurrent_deque_benchmark.json,deque,std::deque + mutex,ConcurrentSteadyPushBackPopFront,operations_per_thread,2048.0,8,30,30,0,30,True
libVentra_deque_concurrent_deque_benchmark.json,deque,std::deque + mutex,ConcurrentSteadyPushBackPopFront,operations_per_thread,2048.0,12,30,30,0,30,True
libVentra_deque_concurrent_deque_benchmark.json,deque,std::deque + mutex,ConcurrentSteadyPushBackPopFront,operations_per_thread,2048.0,16,30,30,0,30,True
libVentra_deque_concurrent_deque_benchmark.json,deque,std::deque + mutex,ConcurrentSteadyPushBackPopFront,operations_per_thread,2048.0,24,30,30,0,30,True
libVentra_deque_concurrent_deque_benchmark.json,deque,std::deque + mutex,ConcurrentSteadyPushBackPopFront,operations_per_thread,2048.0,32,30,30,0,30,True
libVentra_deque_concurrent_deque_benchmark.json,deque,std::deque + mutex,ConcurrentSteadyPushBackPopFront,operations_per_thread,2048.0,48,30,30,0,30,True
libVentra_deque_concurrent_deque_benchmark.json,deque,std::deque + mutex,ConcurrentSteadyPushBackPopFront,operations_per_thread,2048.0,64,30,30,0,30,True
libVentra_deque_concurrent_deque_benchmark.json,deque,std::deque + mutex,ConcurrentSteadyPushBackPopFront,operations_per_thread,8192.0,1,30,30,0,30,True
libVentra_deque_concurrent_deque_benchmark.json,deque,std::deque + mutex,ConcurrentSteadyPushBackPopFront,operations_per_thread,8192.0,2,30,30,0,30,True
libVentra_deque_concurrent_deque_benchmark.json,deque,std::deque + mutex,ConcurrentSteadyPushBackPopFront,operations_per_thread,8192.0,4,30,30,0,30,True
libVentra_deque_concurrent_deque_benchmark.json,deque,std::deque + mutex,ConcurrentSteadyPushBackPopFront,operations_per_thread,8192.0,8,30,30,0,30,True
libVentra_deque_concurrent_deque_benchmark.json,deque,std::deque + mutex,ConcurrentSteadyPushBackPopFront,operations_per_thread,8192.0,12,30,30,0,30,True
libVentra_deque_concurrent_deque_benchmark.json,deque,std::deque + mutex,ConcurrentSteadyPushBackPopFront,operations_per_thread,8192.0,16,30,30,0,30,True
libVentra_deque_concurrent_deque_benchmark.json,deque,std::deque + mutex,ConcurrentSteadyPushBackPopFront,operations_per_thread,8192.0,24,30,30,0,30,True
libVentra_deque_concurrent_deque_benchmark.json,deque,std::deque + mutex,ConcurrentSteadyPushBackPopFront,operations_per_thread,8192.0,32,30,30,0,30,True
libVentra_deque_concurrent_deque_benchmark.json,deque,std::deque + mutex,ConcurrentSteadyPushBackPopFront,operations_per_thread,8192.0,48,30,30,0,30,True
libVentra_deque_concurrent_deque_benchmark.json,deque,std::deque + mutex,ConcurrentSteadyPushBackPopFront,operations_per_thread,8192.0,64,30,30,0,30,True
libVentra_deque_concurrent_deque_benchmark.json,deque,std::deque + mutex,ConcurrentSteadyPushFrontPopBack,operations_per_thread,512.0,1,30,30,0,30,True
libVentra_deque_concurrent_deque_benchmark.json,deque,std::deque + mutex,ConcurrentSteadyPushFrontPopBack,operations_per_thread,512.0,2,30,30,0,30,True
libVentra_deque_concurrent_deque_benchmark.json,deque,std::deque + mutex,ConcurrentSteadyPushFrontPopBack,operations_per_thread,512.0,4,30,30,0,30,True
libVentra_deque_concurrent_deque_benchmark.json,deque,std::deque + mutex,ConcurrentSteadyPushFrontPopBack,operations_per_thread,512.0,8,30,30,0,30,True
libVentra_deque_concurrent_deque_benchmark.json,deque,std::deque + mutex,ConcurrentSteadyPushFrontPopBack,operations_per_thread,512.0,12,30,30,0,30,True
libVentra_deque_concurrent_deque_benchmark.json,deque,std::deque + mutex,ConcurrentSteadyPushFrontPopBack,operations_per_thread,512.0,16,30,30,0,30,True
libVentra_deque_concurrent_deque_benchmark.json,deque,std::deque + mutex,ConcurrentSteadyPushFrontPopBack,operations_per_thread,512.0,24,30,30,0,30,True
libVentra_deque_concurrent_deque_benchmark.json,deque,std::deque + mutex,ConcurrentSteadyPushFrontPopBack,operations_per_thread,512.0,32,30,30,0,30,True
libVentra_deque_concurrent_deque_benchmark.json,deque,std::deque + mutex,ConcurrentSteadyPushFrontPopBack,operations_per_thread,512.0,48,30,30,0,30,True
libVentra_deque_concurrent_deque_benchmark.json,deque,std::deque + mutex,ConcurrentSteadyPushFrontPopBack,operations_per_thread,512.0,64,30,30,0,30,True
libVentra_deque_concurrent_deque_benchmark.json,deque,std::deque + mutex,ConcurrentSteadyPushFrontPopBack,operations_per_thread,2048.0,1,30,30,0,30,True
libVentra_deque_concurrent_deque_benchmark.json,deque,std::deque + mutex,ConcurrentSteadyPushFrontPopBack,operations_per_thread,2048.0,2,30,30,0,30,True
libVentra_deque_concurrent_deque_benchmark.json,deque,std::deque + mutex,ConcurrentSteadyPushFrontPopBack,operations_per_thread,2048.0,4,30,30,0,30,True
libVentra_deque_concurrent_deque_benchmark.json,deque,std::deque + mutex,ConcurrentSteadyPushFrontPopBack,operations_per_thread,2048.0,8,30,30,0,30,True
libVentra_deque_concurrent_deque_benchmark.json,deque,std::deque + mutex,ConcurrentSteadyPushFrontPopBack,operations_per_thread,2048.0,12,30,30,0,30,True
libVentra_deque_concurrent_deque_benchmark.json,deque,std::deque + mutex,ConcurrentSteadyPushFrontPopBack,operations_per_thread,2048.0,16,30,30,0,30,True
libVentra_deque_concurrent_deque_benchmark.json,deque,std::deque + mutex,ConcurrentSteadyPushFrontPopBack,operations_per_thread,2048.0,24,30,30,0,30,True
libVentra_deque_concurrent_deque_benchmark.json,deque,std::deque + mutex,ConcurrentSteadyPushFrontPopBack,operations_per_thread,2048.0,32,30,30,0,30,True
libVentra_deque_concurrent_deque_benchmark.json,deque,std::deque + mutex,ConcurrentSteadyPushFrontPopBack,operations_per_thread,2048.0,48,30,30,0,30,True
libVentra_deque_concurrent_deque_benchmark.json,deque,std::deque + mutex,ConcurrentSteadyPushFrontPopBack,operations_per_thread,2048.0,64,30,30,0,30,True
libVentra_deque_concurrent_deque_benchmark.json,deque,std::deque + mutex,ConcurrentSteadyPushFrontPopBack,operations_per_thread,8192.0,1,30,30,0,30,True
libVentra_deque_concurrent_deque_benchmark.json,deque,std::deque + mutex,ConcurrentSteadyPushFrontPopBack,operations_per_thread,8192.0,2,30,30,0,30,True
libVentra_deque_concurrent_deque_benchmark.json,deque,std::deque + mutex,ConcurrentSteadyPushFrontPopBack,operations_per_thread,8192.0,4,30,30,0,30,True
libVentra_deque_concurrent_deque_benchmark.json,deque,std::deque + mutex,ConcurrentSteadyPushFrontPopBack,operations_per_thread,8192.0,8,30,30,0,30,True
libVentra_deque_concurrent_deque_benchmark.json,deque,std::deque + mutex,ConcurrentSteadyPushFrontPopBack,operations_per_thread,8192.0,12,30,30,0,30,True
libVentra_deque_concurrent_deque_benchmark.json,deque,std::deque + mutex,ConcurrentSteadyPushFrontPopBack,operations_per_thread,8192.0,16,30,30,0,30,True
libVentra_deque_concurrent_deque_benchmark.json,deque,std::deque + mutex,ConcurrentSteadyPushFrontPopBack,operations_per_thread,8192.0,24,30,30,0,30,True
libVentra_deque_concurrent_deque_benchmark.json,deque,std::deque + mutex,ConcurrentSteadyPushFrontPopBack,operations_per_thread,8192.0,32,30,30,0,30,True
libVentra_deque_concurrent_deque_benchmark.json,deque,std::deque + mutex,ConcurrentSteadyPushFrontPopBack,operations_per_thread,8192.0,48,30,30,0,30,True
libVentra_deque_concurrent_deque_benchmark.json,deque,std::deque + mutex,ConcurrentSteadyPushFrontPopBack,operations_per_thread,8192.0,64,30,30,0,30,True
libVentra_deque_concurrent_deque_benchmark.json,deque,std::deque + mutex,ConstructDestroy,,,1,30,30,0,30,True
libVentra_deque_concurrent_deque_benchmark.json,deque,std::deque + mutex,PushBackPopFront,operations,512.0,1,30,30,0,30,True
libVentra_deque_concurrent_deque_benchmark.json,deque,std::deque + mutex,PushBackPopFront,operations,1024.0,1,30,30,0,30,True
libVentra_deque_concurrent_deque_benchmark.json,deque,std::deque + mutex,PushBackPopFront,operations,2048.0,1,30,30,0,30,True
libVentra_deque_concurrent_deque_benchmark.json,deque,std::deque + mutex,PushBackPopFront,operations,4096.0,1,30,30,0,30,True
libVentra_deque_concurrent_deque_benchmark.json,deque,std::deque + mutex,PushBackPopFront,operations,8192.0,1,30,30,0,30,True
libVentra_deque_concurrent_deque_benchmark.json,deque,std::deque + mutex,PushBackPopFront,operations,16384.0,1,30,30,0,30,True
libVentra_deque_concurrent_deque_benchmark.json,deque,std::deque + mutex,PushBackPopFront,operations,32768.0,1,30,30,0,30,True
libVentra_deque_concurrent_deque_benchmark.json,deque,std::deque + mutex,PushBackPopFront,operations,49152.0,1,30,30,0,30,True
libVentra_deque_concurrent_deque_benchmark.json,deque,std::deque + mutex,PushBackPopFront,operations,61440.0,1,30,30,0,30,True
libVentra_deque_concurrent_deque_benchmark.json,deque,std::deque + mutex,PushFrontPopBack,operations,512.0,1,30,30,0,30,True
libVentra_deque_concurrent_deque_benchmark.json,deque,std::deque + mutex,PushFrontPopBack,operations,1024.0,1,30,30,0,30,True
libVentra_deque_concurrent_deque_benchmark.json,deque,std::deque + mutex,PushFrontPopBack,operations,2048.0,1,30,30,0,30,True
libVentra_deque_concurrent_deque_benchmark.json,deque,std::deque + mutex,PushFrontPopBack,operations,4096.0,1,30,30,0,30,True
libVentra_deque_concurrent_deque_benchmark.json,deque,std::deque + mutex,PushFrontPopBack,operations,8192.0,1,30,30,0,30,True
libVentra_deque_concurrent_deque_benchmark.json,deque,std::deque + mutex,PushFrontPopBack,operations,16384.0,1,30,30,0,30,True
libVentra_deque_concurrent_deque_benchmark.json,deque,std::deque + mutex,PushFrontPopBack,operations,32768.0,1,30,30,0,30,True
libVentra_deque_concurrent_deque_benchmark.json,deque,std::deque + mutex,PushFrontPopBack,operations,49152.0,1,30,30,0,30,True
libVentra_deque_concurrent_deque_benchmark.json,deque,std::deque + mutex,PushFrontPopBack,operations,61440.0,1,30,30,0,30,True
